{
  "live_count": 6,
  "live_1": {
    "link": "#",
    "pic": "live1.jpg",
    "alt": "라이브",
    "category": "방송예정",
    "title": "소담상회 x 이로운에프앤비",
    "date": "04월 27일 (목)",
    "time": "16:00",
    "thumbImg": "live1.jpg",
    "thumbAlt": "라이브",
    "descTitle": "[미미의밥상] 감자탕 4.7kg(국내산등뼈 100% 10인분)+라면사리",
    "ratio": 22,
    "price": "19,840"
  },
  "live_2": {
    "link": "#",
    "pic": "live2.jpg",
    "alt": "라이브",
    "category": "방송예정",
    "title": "[부산 오션뷰 호텔 특집] 룸온리&패키지 최대 86% 할인",
    "date": "04월 27일 (목)",
    "time": "19:00",
    "thumbImg": "",
    "thumbAlt": "",
    "descTitle": "",
    "ratio": "",
    "price": ""
  },
  "live_3": {
    "link": "#",
    "pic": "live3.jpg",
    "alt": "라이브",
    "category": "방송예정",
    "title": "소담상회 x 명가",
    "date": "04월 28일 (목)",
    "time": "16:00",
    "thumbImg": "live3.jpg",
    "thumbAlt": "라이브",
    "descTitle": "[쿠폰할인][2022년햅쌀][명가미곡]신동진쌀 백미10Kg,단일품종,잡곡",
    "ratio": 2,
    "price": "24,900"
  },
  "live_4": {
    "link": "#",
    "pic": "live4.jpg",
    "alt": "라이브",
    "category": "방송예정",
    "title": "2박 3일로 떠나는 후쿠오카 여행✈ 패키지VS자유여행 다 준비했어요😆",
    "date": "04월 28일 (목)",
    "time": "20:30",
    "thumbImg": "",
    "thumbAlt": "",
    "descTitle": "",
    "ratio": 0,
    "price": ""
  },
  "live_5": {
    "link": "#",
    "pic": "live5.jpg",
    "alt": "라이브",
    "category": "방송예정",
    "title": "[괌 에어텔] 힐튼 타시오션뷰 60만원대~ /퀴즈+구매왕+구매인증 이벤트!",
    "date": "05월 23일 (화)",
    "time": "11:00",
    "thumbImg": "live5-1.png",
    "thumbAlt": "인터파크다",
    "descTitle": "80일간의 세계일주 프로모션",
    "ratio": 0,
    "price": ""
  },
  "live_6": {
    "link": "#",
    "pic": "live6.png",
    "alt": "라이브",
    "category": "방송예정",
    "title": "[수요아트살롱] 순천만 국제 정원 박람회",
    "date": "05월 24일 (수)",
    "time": "17:00",
    "thumbImg": "live6-1.jpg",
    "thumbAlt": "수요아트살롱",
    "descTitle": "수요아트살롱이란?",
    "ratio": 0,
    "price": ""
  }
}
